Customer_ID,Car_Model,Purchase_Date,Last_Service_Date,Mileage_at_Last_Service,Avg_Daily_Mileage,Returned_for_Service
1,Nissan,2023-09-10,2025-12-26,36309,40,1
2,Nissan,2017-05-10,2018-06-06,75230,47,1
3,Nissan,2018-07-18,2019-10-03,50027,45,1
4,Nissan,2018-02-04,2019-09-07,92541,52,1
5,Nissan,2017-12-31,2020-01-20,79321,40,0
6,Nissan,2023-06-20,2025-06-18,20956,54,1
7,Nissan,2019-06-27,2022-04-22,94131,53,0
8,Nissan,2020-12-09,2023-05-18,67908,37,0
9,Nissan,2016-04-11,2019-03-10,98339,30,0
10,Nissan,2018-05-23,2020-03-29,45963,42,1
11,Nissan,2015-11-27,2016-12-02,59443,41,1
12,Nissan,2019-01-22,2020-01-24,59063,36,0
13,Nissan,2020-11-05,2023-07-20,24703,24,0
14,Nissan,2023-09-07,2025-09-03,85128,30,1
15,Nissan,2022-12-29,2025-05-19,92099,49,0
16,Nissan,2015-05-11,2017-02-07,45849,34,1
17,Nissan,2019-08-13,2021-12-30,51860,46,1
18,Nissan,2017-02-08,2018-02-22,51585,54,0
19,Nissan,2021-07-19,2023-01-26,42015,52,0
20,Nissan,2019-02-24,2021-11-15,97539,39,1
21,Nissan,2022-10-24,2025-02-19,63585,35,1
22,Nissan,2021-08-30,2022-09-26,46958,53,0
23,Nissan,2018-04-30,2021-04-12,46017,21,1
24,Nissan,2017-08-13,2018-09-20,96707,54,0
25,Nissan,2021-05-13,2023-02-09,65350,59,0
26,Nissan,2018-03-30,2019-11-15,32201,47,1
27,Nissan,2016-04-04,2017-06-28,49426,58,1
28,Nissan,2015-01-22,2017-05-09,37778,25,0
29,Nissan,2021-04-19,2022-08-22,65241,28,1
30,Nissan,2017-01-17,2019-07-07,62229,39,0
31,Nissan,2022-12-14,2024-05-06,68364,20,0
32,Nissan,2016-04-19,2018-09-25,77056,27,0
33,Nissan,2017-12-18,2019-07-17,47490,42,1
34,Nissan,2022-01-02,2023-01-26,39975,22,0
35,Nissan,2020-08-09,2023-03-11,46723,23,0
36,Nissan,2022-07-10,2024-08-06,43279,44,0
37,Nissan,2017-09-02,2018-11-07,98301,57,1
38,Nissan,2019-12-12,2021-07-31,31561,34,1
39,Nissan,2015-07-09,2016-10-24,86061,40,1
40,Nissan,2023-03-25,2024-08-16,69153,54,0
41,Nissan,2022-06-27,2023-10-15,53142,33,1
42,Nissan,2023-03-25,2024-11-06,46916,55,0
43,Nissan,2016-07-16,2017-11-03,84324,31,1
44,Nissan,2020-03-14,2022-06-26,64965,36,1
45,Nissan,2018-06-21,2019-07-24,24648,58,0
46,Nissan,2022-11-19,2025-08-02,55133,28,1
47,Nissan,2019-03-09,2021-03-11,70677,54,0
48,Nissan,2023-10-08,2026-05-24,90135,32,0
49,Nissan,2016-10-08,2019-04-14,55046,34,0
50,Nissan,2020-08-30,2022-10-28,67064,37,0
51,Nissan,2022-11-28,2025-08-01,89350,52,0
52,Nissan,2021-01-23,2023-06-24,65893,25,1
53,Nissan,2018-07-21,2021-06-11,81272,46,0
54,Nissan,2021-09-01,2023-06-09,87649,42,1
55,Nissan,2016-08-23,2018-07-08,84674,46,0
56,Nissan,2021-06-21,2023-09-06,33760,53,0
57,Nissan,2020-08-23,2022-07-03,41927,57,1
58,Nissan,2015-08-30,2017-09-09,81367,33,0
59,Nissan,2020-08-03,2022-05-18,32588,55,0
60,Nissan,2022-09-25,2024-12-04,72233,27,1
61,Nissan,2022-02-25,2024-12-17,64738,54,0
62,Nissan,2023-01-24,2024-10-26,53397,38,0
63,Nissan,2018-09-25,2021-09-03,96367,49,0
64,Nissan,2020-11-09,2023-06-13,91260,33,1
65,Nissan,2018-10-22,2021-03-07,96619,39,1
66,Nissan,2023-03-23,2025-12-05,39816,44,1
67,Nissan,2019-01-18,2021-06-16,62240,59,1
68,Nissan,2021-12-31,2023-12-15,26276,43,0
69,Nissan,2017-02-14,2019-05-05,99530,33,0
70,Nissan,2015-02-04,2017-01-18,43499,45,1
71,Nissan,2021-03-03,2023-10-30,91635,57,0
72,Nissan,2023-08-19,2026-06-12,55946,42,0
73,Nissan,2020-05-09,2021-09-22,75204,41,0
74,Nissan,2019-05-05,2021-01-01,71886,38,0
75,Nissan,2023-06-01,2025-11-24,91652,22,1
76,Nissan,2017-10-18,2018-11-26,35563,38,0
77,Nissan,2022-02-26,2023-10-12,29847,28,0
78,Nissan,2018-02-03,2020-08-03,46155,47,0
79,Nissan,2019-02-09,2020-09-18,99671,39,1
80,Nissan,2016-12-03,2017-12-08,87278,26,0
81,Nissan,2021-09-15,2023-08-02,38309,33,0
82,Nissan,2022-08-09,2024-11-18,20619,28,1
83,Nissan,2019-04-29,2020-07-11,70108,38,1
84,Nissan,2015-06-11,2016-06-13,54707,33,0
85,Nissan,2015-07-21,2018-04-26,40337,57,0
86,Nissan,2020-06-04,2021-09-29,86504,55,0
87,Nissan,2017-09-22,2020-05-19,67614,59,0
88,Nissan,2021-05-06,2023-09-21,20281,36,0
89,Nissan,2017-03-26,2019-10-20,47420,49,0
90,Nissan,2016-03-31,2018-06-14,59030,28,0
91,Nissan,2018-06-29,2020-01-08,21058,52,0
92,Nissan,2017-10-13,2020-09-26,96260,44,1
93,Nissan,2021-06-01,2023-06-27,48404,33,1
94,Nissan,2022-07-30,2023-08-24,49856,30,1
95,Nissan,2015-12-04,2018-02-10,29200,54,0
96,Nissan,2017-05-28,2018-11-16,84178,33,0
97,Nissan,2017-12-12,2019-10-07,53997,49,1
98,Nissan,2017-03-02,2019-12-06,45611,23,0
99,Nissan,2021-03-14,2023-02-02,61235,23,0
100,Nissan,2017-02-02,2019-03-18,55057,47,0
101,Nissan,2021-02-13,2022-06-10,21239,27,1
102,Nissan,2016-01-15,2019-01-07,85661,21,1
103,Nissan,2016-05-07,2017-12-17,65272,41,0
104,Nissan,2023-07-10,2025-12-22,81212,35,0
105,Nissan,2018-03-26,2019-07-16,35398,48,1
106,Nissan,2020-08-24,2022-01-10,76503,49,0
107,Nissan,2015-03-06,2017-09-14,26638,31,1
108,Nissan,2022-01-12,2023-01-12,26570,54,1
109,Nissan,2018-09-29,2019-12-27,88785,30,1
110,Nissan,2018-02-26,2020-12-10,29110,40,0
111,Nissan,2020-07-20,2022-06-04,99141,40,0
112,Nissan,2022-05-19,2024-11-18,32115,24,0
113,Nissan,2019-02-04,2020-06-21,59062,39,1
114,Nissan,2023-08-01,2025-12-23,42911,56,1
115,Nissan,2018-03-08,2019-11-21,52556,22,0
116,Nissan,2019-03-03,2022-01-03,98131,52,0
117,Nissan,2022-03-25,2025-02-11,21969,28,1
118,Nissan,2016-01-27,2017-02-04,63753,28,1
119,Nissan,2019-08-26,2021-05-12,24470,23,1
120,Nissan,2016-02-23,2018-12-03,30225,54,0
121,Nissan,2021-05-25,2022-11-12,43196,36,0
122,Nissan,2016-01-14,2017-01-25,33669,53,1
123,Nissan,2019-12-02,2021-05-17,57380,43,1
124,Nissan,2021-03-28,2023-12-29,68320,51,0
125,Nissan,2023-05-24,2026-01-08,67414,20,0
126,Nissan,2020-09-19,2022-08-05,35577,27,0
127,Nissan,2023-06-27,2025-05-10,75409,42,0
128,Nissan,2020-12-22,2023-08-26,48625,59,0
129,Nissan,2015-07-20,2017-06-12,44089,31,1
130,Nissan,2020-02-07,2022-08-09,56487,31,0
131,Nissan,2017-02-18,2019-04-12,85838,34,1
132,Nissan,2023-02-25,2025-10-22,70138,38,0
133,Nissan,2023-07-02,2024-10-03,62823,45,1
134,Nissan,2023-07-17,2026-02-16,57208,48,1
135,Nissan,2016-05-17,2018-03-30,74061,41,0
136,Nissan,2021-09-20,2023-05-13,50659,59,0
137,Nissan,2019-10-18,2021-09-15,51890,40,0
138,Nissan,2017-03-15,2019-03-25,99134,57,0
139,Nissan,2020-11-16,2023-02-17,67055,39,1
140,Nissan,2022-06-24,2023-11-07,39508,48,1
141,Nissan,2020-03-10,2022-10-18,62287,23,0
142,Nissan,2022-08-05,2025-02-01,98916,26,0
143,Nissan,2019-04-20,2021-09-13,46984,47,0
144,Nissan,2017-08-18,2019-06-09,28125,47,1
145,Nissan,2022-04-14,2024-02-27,56059,23,0
146,Nissan,2019-01-25,2021-08-18,89569,41,0
147,Nissan,2022-05-14,2024-04-26,37087,31,1
148,Nissan,2017-10-25,2019-06-10,25704,22,1
149,Nissan,2016-05-17,2018-02-10,80576,41,0
150,Nissan,2022-09-15,2024-07-01,93384,21,1
151,Nissan,2016-02-02,2019-01-26,92460,43,0
152,Nissan,2017-05-20,2018-10-31,47208,53,0
153,Nissan,2022-10-13,2023-10-17,86024,46,1
154,Nissan,2016-01-28,2018-02-09,59882,20,1
155,Nissan,2015-07-26,2016-10-10,45923,27,0
156,Nissan,2017-11-04,2019-12-18,49165,42,0
157,Nissan,2020-02-25,2022-09-20,87203,57,0
158,Nissan,2023-01-18,2024-05-28,24114,25,0
159,Nissan,2019-01-24,2021-09-15,84965,41,0
160,Nissan,2017-05-13,2018-06-23,56321,44,0
161,Nissan,2022-08-22,2023-11-18,93297,37,0
162,Nissan,2016-07-17,2018-08-22,45426,36,1
163,Nissan,2017-10-17,2019-08-08,37772,31,1
164,Nissan,2015-04-06,2017-01-24,23712,25,1
165,Nissan,2020-04-07,2022-12-13,21367,45,0
166,Nissan,2019-10-24,2022-04-01,71924,46,1
167,Nissan,2021-12-07,2024-10-27,23726,27,1
168,Nissan,2021-03-28,2023-12-24,47723,38,1
169,Nissan,2022-08-28,2024-10-22,29108,20,1
170,Nissan,2019-08-06,2020-08-27,97714,48,1
171,Nissan,2023-11-17,2026-06-13,55643,54,0
172,Nissan,2016-06-24,2017-11-13,51324,59,0
173,Nissan,2017-11-25,2020-09-19,28927,33,1
174,Nissan,2022-01-16,2023-06-09,42443,54,1
175,Nissan,2018-03-29,2019-11-08,99973,39,1
176,Nissan,2019-09-19,2022-02-02,83449,32,0
177,Nissan,2023-08-24,2026-04-30,96743,57,0
178,Nissan,2019-12-25,2021-04-06,80233,27,0
179,Nissan,2022-03-10,2023-04-17,45537,39,1
180,Nissan,2022-06-22,2024-01-05,97576,52,0
181,Nissan,2022-02-17,2024-11-23,42612,45,0
182,Nissan,2019-05-17,2021-12-15,26471,58,0
183,Nissan,2023-05-19,2025-06-12,55631,40,0
184,Nissan,2022-05-17,2023-11-11,51348,28,1
185,Nissan,2017-03-06,2019-09-10,84732,43,1
186,Nissan,2017-11-17,2020-02-07,21177,56,1
187,Nissan,2019-07-02,2021-11-12,24760,36,0
188,Nissan,2018-09-25,2019-10-09,52779,43,1
189,Nissan,2020-06-04,2023-02-16,41636,40,0
190,Nissan,2018-09-16,2021-07-15,73551,58,1
191,Nissan,2019-07-22,2021-05-05,31556,58,0
192,Nissan,2019-03-10,2021-06-29,47598,32,0
193,Nissan,2020-07-31,2022-03-18,31563,30,1
194,Nissan,2019-02-05,2021-03-30,66819,38,1
195,Nissan,2021-02-15,2022-07-21,93770,30,0
196,Nissan,2018-11-09,2021-05-11,46966,32,1
197,Nissan,2018-11-01,2021-01-14,79889,20,0
198,Nissan,2018-07-30,2019-11-03,46987,59,0
199,Nissan,2022-05-04,2024-06-17,98714,38,0
200,Nissan,2022-04-29,2024-02-11,78348,31,0
201,Nissan,2017-08-30,2019-05-10,44596,27,0
202,Nissan,2019-11-04,2021-05-17,53174,27,0
203,Nissan,2018-07-06,2021-02-22,84106,31,0
204,Nissan,2016-12-10,2019-05-15,89967,52,1
205,Nissan,2019-01-19,2021-06-18,79182,45,0
206,Nissan,2018-12-05,2021-08-30,59310,58,1
207,Nissan,2016-10-10,2018-02-04,76088,47,0
208,Nissan,2015-11-14,2017-04-20,28906,24,1
209,Nissan,2018-06-11,2020-01-24,56914,27,0
210,Nissan,2016-11-14,2018-06-17,65379,44,0
211,Nissan,2016-10-25,2019-09-20,98612,46,0
212,Nissan,2020-06-21,2021-07-05,57650,42,0
213,Nissan,2019-06-20,2020-11-22,66881,49,0
214,Nissan,2019-02-04,2021-11-12,66413,42,1
215,Nissan,2018-02-10,2019-10-28,26012,39,1
216,Nissan,2020-01-28,2021-07-02,70115,37,1
217,Nissan,2019-03-01,2020-04-15,27151,37,1
218,Nissan,2021-10-25,2023-09-13,77716,21,0
219,Nissan,2016-07-17,2019-06-01,56378,23,0
220,Nissan,2018-07-15,2019-11-21,62652,49,0
221,Nissan,2023-09-20,2025-11-03,92430,52,0
222,Nissan,2019-06-25,2020-09-26,33467,55,0
223,Nissan,2023-03-19,2025-12-04,51010,37,0
224,Nissan,2023-08-19,2025-06-05,74691,56,0
225,Nissan,2016-11-29,2018-09-07,84157,38,0
226,Nissan,2020-11-30,2022-02-06,32289,47,1
227,Nissan,2015-01-02,2017-10-22,64976,59,1
228,Nissan,2016-10-03,2017-10-13,63596,39,0
229,Nissan,2021-03-17,2022-11-25,43171,52,1
230,Nissan,2019-05-09,2021-11-08,64139,31,1
231,Nissan,2017-05-04,2018-09-14,68713,34,0
232,Nissan,2019-10-26,2022-10-06,49734,58,0
233,Nissan,2021-08-29,2022-09-20,92588,21,0
234,Nissan,2019-07-20,2021-06-29,83646,48,1
235,Nissan,2018-02-27,2019-12-25,23654,29,1
236,Nissan,2017-12-12,2019-12-09,38743,21,0
237,Nissan,2019-09-04,2021-10-03,68368,30,0
238,Nissan,2022-08-09,2024-03-13,94172,32,0
239,Nissan,2019-08-23,2021-01-09,26441,29,0
240,Nissan,2019-09-30,2022-06-06,44611,33,0
241,Nissan,2018-12-10,2020-07-06,32149,37,1
242,Nissan,2021-04-13,2023-12-26,79189,28,1
243,Nissan,2017-04-15,2019-12-21,41675,58,1
244,Nissan,2015-07-22,2018-06-03,91031,47,1
245,Nissan,2023-11-30,2026-03-03,62668,22,1
246,Nissan,2015-05-03,2017-04-22,33673,39,0
247,Nissan,2016-02-05,2017-12-24,96666,25,1
248,Nissan,2017-02-05,2018-06-17,85429,46,0
249,Nissan,2015-10-21,2017-02-23,43669,21,1
250,Nissan,2021-05-16,2022-08-29,54068,48,0
251,Nissan,2023-01-10,2025-09-04,29435,57,1
252,Nissan,2015-07-17,2017-07-28,72249,22,0
253,Nissan,2023-04-18,2024-06-06,57384,35,0
254,Nissan,2020-04-14,2021-05-12,96153,49,0
255,Nissan,2022-08-31,2024-12-04,95388,59,0
256,Nissan,2020-12-31,2022-10-22,51401,21,1
257,Nissan,2016-08-31,2018-06-23,91831,36,1
258,Nissan,2023-12-17,2026-12-11,54084,31,0
259,Nissan,2018-02-21,2020-04-02,75826,54,0
260,Nissan,2015-07-06,2018-03-09,56451,20,0
261,Nissan,2021-11-16,2023-12-25,27227,34,0
262,Nissan,2019-11-30,2021-11-09,51910,45,0
263,Nissan,2016-10-21,2019-07-04,56041,56,1
264,Nissan,2022-09-12,2024-11-04,85681,40,0
265,Nissan,2023-03-22,2024-09-18,85481,50,0
266,Nissan,2020-05-09,2021-05-09,88576,44,0
267,Nissan,2021-09-16,2024-04-04,84174,42,0
268,Nissan,2018-10-01,2020-10-05,46160,43,0
269,Nissan,2020-06-09,2023-03-31,37633,57,1
270,Nissan,2019-03-15,2021-05-18,37014,47,0
271,Nissan,2015-05-27,2017-03-30,69104,40,0
272,Nissan,2023-10-25,2025-03-09,61621,37,0
273,Nissan,2022-12-21,2024-07-09,97231,55,0
274,Nissan,2019-10-01,2021-12-09,88388,54,0
275,Nissan,2020-01-18,2021-11-25,36014,28,1
276,Nissan,2016-05-03,2017-08-27,53755,57,1
277,Nissan,2023-02-24,2025-12-20,60390,49,0
278,Nissan,2020-05-13,2022-12-08,43711,53,0
279,Nissan,2019-07-22,2021-03-21,77993,51,0
280,Nissan,2022-02-11,2024-07-31,94696,22,0
281,Nissan,2021-07-13,2024-03-05,47213,22,1
282,Nissan,2022-12-29,2024-03-12,77784,47,1
283,Nissan,2016-10-02,2018-10-22,27421,34,0
284,Nissan,2019-12-08,2021-07-04,37727,42,0
285,Nissan,2021-11-25,2024-03-13,24358,59,0
286,Nissan,2020-05-23,2022-07-14,85108,30,1
287,Nissan,2021-01-07,2022-12-19,52117,51,1
288,Nissan,2018-12-09,2021-05-20,51910,55,0
289,Nissan,2019-06-23,2022-03-23,75754,52,0
290,Nissan,2015-09-20,2017-03-16,82438,43,1
291,Nissan,2019-11-23,2021-05-22,49371,58,0
292,Nissan,2020-12-31,2023-10-25,71501,53,0
293,Nissan,2021-07-21,2022-08-14,80946,47,0
294,Nissan,2016-09-15,2018-03-13,58467,56,1
295,Nissan,2017-10-13,2020-09-21,37625,26,0
296,Nissan,2017-05-30,2019-10-12,53893,23,0
297,Nissan,2020-08-11,2022-01-18,96329,56,1
298,Nissan,2023-01-23,2024-07-17,51007,20,0
299,Nissan,2018-08-20,2020-05-30,59532,20,0
300,Nissan,2021-04-20,2022-06-21,74253,39,0
301,Nissan,2016-03-28,2019-01-18,32323,38,0
302,Nissan,2023-07-06,2026-05-01,93379,48,1
303,Nissan,2018-03-29,2019-08-31,34210,29,0
304,Nissan,2023-05-21,2025-08-31,36456,37,0
305,Nissan,2020-08-18,2021-10-05,51367,47,0
306,Nissan,2023-09-06,2024-11-27,74624,54,1
307,Nissan,2019-08-10,2021-08-04,30106,50,1
308,Nissan,2022-11-03,2025-09-21,88008,46,0
309,Nissan,2021-03-05,2022-07-30,92240,30,0
310,Nissan,2018-02-28,2020-11-18,84315,57,1
311,Nissan,2016-02-08,2018-01-14,89249,24,0
312,Nissan,2021-01-08,2023-04-28,90587,27,1
313,Nissan,2020-10-02,2021-12-03,30756,53,1
314,Nissan,2023-09-27,2026-08-27,88011,31,1
315,Nissan,2019-08-24,2021-08-17,56378,57,0
316,Nissan,2016-09-19,2019-04-02,24255,20,0
317,Nissan,2016-08-09,2018-07-01,34484,50,1
318,Nissan,2019-07-07,2020-11-23,76549,23,0
319,Nissan,2018-12-14,2020-07-15,54503,24,0
320,Nissan,2018-12-16,2021-02-22,93794,49,1
321,Nissan,2015-04-14,2018-04-05,65113,43,1
322,Nissan,2015-09-11,2017-07-24,94069,22,0
323,Nissan,2023-09-19,2024-10-19,25249,30,0
324,Nissan,2022-01-01,2024-10-31,39201,23,0
325,Nissan,2019-02-05,2020-11-15,78576,45,1
326,Nissan,2015-04-09,2017-02-06,29686,46,1
327,Nissan,2021-01-09,2023-03-13,73363,46,0
328,Nissan,2020-02-28,2022-06-18,20661,25,0
329,Nissan,2023-02-09,2024-11-20,64843,34,1
330,Nissan,2020-04-03,2021-08-24,80963,49,0
331,Nissan,2017-05-27,2019-07-24,62828,56,0
332,Nissan,2015-12-04,2016-12-21,68604,56,1
333,Nissan,2022-11-09,2023-11-26,30526,56,0
334,Nissan,2023-11-09,2026-06-20,88910,54,1
335,Nissan,2017-08-14,2019-08-19,45592,42,0
336,Nissan,2019-09-01,2021-02-21,48982,25,0
337,Nissan,2015-06-10,2016-12-19,20207,23,1
338,Nissan,2019-05-23,2021-10-05,88619,37,0
339,Nissan,2022-10-19,2024-02-08,49328,28,1
340,Nissan,2016-02-02,2017-05-25,66479,48,0
341,Nissan,2018-07-24,2020-03-01,40103,32,0
342,Nissan,2017-03-26,2020-02-01,59891,36,0
343,Nissan,2019-03-08,2021-12-10,30754,51,0
344,Nissan,2020-04-03,2021-12-22,92982,41,0
345,Nissan,2018-11-16,2020-01-09,75922,23,0
346,Nissan,2018-03-04,2020-12-05,68231,24,0
347,Nissan,2018-05-03,2020-08-02,49301,56,0
348,Nissan,2016-02-05,2017-07-15,82711,32,1
349,Nissan,2016-10-01,2018-10-15,61323,53,1
350,Nissan,2023-07-02,2024-09-25,38752,41,1
351,Nissan,2022-06-28,2023-08-21,33395,42,0
352,Nissan,2016-04-04,2018-07-23,76273,22,0
353,Nissan,2017-08-12,2019-02-05,24895,53,1
354,Nissan,2016-04-14,2018-05-09,96559,51,0
355,Nissan,2017-11-11,2019-10-25,30699,40,0
356,Nissan,2022-08-29,2023-09-05,85061,40,1
357,Nissan,2019-08-21,2021-06-28,29715,30,1
358,Nissan,2020-09-16,2022-12-02,39169,58,0
359,Nissan,2021-03-27,2023-02-17,36163,23,0
360,Nissan,2016-07-16,2017-09-07,25782,20,1
361,Nissan,2021-10-21,2023-06-16,55585,47,0
362,Nissan,2019-12-05,2021-07-20,50682,43,1
363,Nissan,2020-09-05,2023-04-06,67864,54,1
364,Nissan,2015-08-14,2016-10-02,75114,32,1
365,Nissan,2017-03-08,2019-11-06,58067,53,0
366,Nissan,2021-05-20,2024-01-13,62685,30,0
367,Nissan,2023-01-05,2024-09-24,38073,55,1
368,Nissan,2017-08-17,2019-10-08,56035,36,1
369,Nissan,2019-02-13,2020-05-18,84977,54,1
370,Nissan,2016-03-28,2017-06-23,85450,37,0
371,Nissan,2023-05-26,2024-08-10,30382,59,0
372,Nissan,2017-03-26,2019-01-07,24437,41,1
373,Nissan,2016-10-20,2018-02-16,90971,43,1
374,Nissan,2016-06-30,2018-11-02,84612,38,1
375,Nissan,2018-04-30,2020-07-24,81929,56,1
376,Nissan,2023-07-18,2025-11-28,32329,58,0
377,Nissan,2015-01-17,2016-06-29,45169,40,1
378,Nissan,2023-11-18,2025-05-17,54594,27,1
379,Nissan,2018-05-28,2020-09-07,96957,47,0
380,Nissan,2021-01-14,2022-01-20,80631,24,1
381,Nissan,2021-11-29,2023-10-24,65033,36,0
382,Nissan,2017-12-05,2020-10-07,83133,56,0
383,Nissan,2022-01-09,2023-06-08,93165,55,1
384,Nissan,2020-11-16,2022-02-08,93861,38,0
385,Nissan,2019-11-04,2021-03-29,72290,46,0
386,Nissan,2017-11-26,2020-08-10,51750,53,0
387,Nissan,2021-05-16,2023-05-31,60461,30,0
388,Nissan,2021-12-19,2024-06-18,93800,31,0
389,Nissan,2015-10-29,2017-08-08,98222,40,0
390,Nissan,2015-06-30,2018-05-29,44226,30,1
391,Nissan,2016-08-29,2017-11-18,26721,58,0
392,Nissan,2023-09-06,2026-01-31,76154,47,0
393,Nissan,2016-11-30,2019-11-08,40609,24,0
394,Nissan,2017-09-19,2020-02-23,72130,36,1
395,Nissan,2018-02-13,2020-03-04,92909,39,0
396,Nissan,2015-07-10,2018-06-15,75249,31,1
397,Nissan,2021-04-19,2023-08-02,68895,25,1
398,Nissan,2017-09-07,2019-01-03,25656,36,1
399,Nissan,2023-02-23,2025-03-24,94520,38,0
400,Nissan,2020-06-29,2022-12-12,83740,45,1
401,Nissan,2018-03-30,2019-12-15,84309,51,0
402,Nissan,2015-05-08,2017-01-17,49984,25,1
403,Nissan,2020-08-27,2022-04-09,93822,55,1
404,Nissan,2019-12-22,2021-02-11,25901,57,0
405,Nissan,2019-10-25,2022-03-07,51552,30,0
406,Nissan,2022-02-26,2024-07-15,51055,52,0
407,Nissan,2016-07-23,2018-07-21,57685,43,1
408,Nissan,2018-09-08,2020-06-13,93965,42,0
409,Nissan,2020-03-10,2022-10-23,34716,34,0
410,Nissan,2022-06-26,2025-06-08,31138,46,0
411,Nissan,2016-09-17,2018-02-21,55298,30,1
412,Nissan,2022-12-11,2025-09-02,71112,36,1
413,Nissan,2019-08-14,2020-10-10,43429,33,1
414,Nissan,2023-03-29,2026-03-24,70200,46,1
415,Nissan,2015-06-04,2016-10-08,91308,37,0
416,Nissan,2021-12-12,2024-12-01,68244,47,0
417,Nissan,2018-11-10,2020-03-03,37347,23,1
418,Nissan,2017-02-23,2018-09-19,36920,26,0
419,Nissan,2023-09-11,2026-02-17,51822,54,0
420,Nissan,2015-09-03,2018-02-04,66659,28,0
421,Nissan,2023-11-22,2026-05-26,60108,27,0
422,Nissan,2023-07-08,2025-02-28,27967,36,0
423,Nissan,2019-02-09,2020-11-15,31871,36,1
424,Nissan,2019-09-02,2021-08-25,97452,52,0
425,Nissan,2022-09-07,2024-03-25,94270,51,0
426,Nissan,2016-06-21,2018-03-25,53613,27,0
427,Nissan,2020-03-05,2021-10-25,48179,38,1
428,Nissan,2020-01-16,2022-05-23,72188,57,0
429,Nissan,2017-07-09,2018-07-12,75099,22,1
430,Nissan,2021-09-21,2024-07-17,55262,24,1
431,Nissan,2016-06-08,2018-08-23,98213,32,0
432,Nissan,2022-11-15,2023-12-13,38268,50,1
433,Nissan,2019-03-10,2020-06-25,97866,35,1
434,Nissan,2023-01-29,2025-09-29,80545,51,1
435,Nissan,2015-02-05,2018-01-31,92146,41,1
436,Nissan,2016-11-15,2018-01-28,91966,48,0
437,Nissan,2015-01-20,2016-06-13,59922,41,0
438,Nissan,2021-06-26,2022-10-31,99364,22,0
439,Nissan,2022-01-03,2023-02-13,62913,29,0
440,Nissan,2016-02-04,2018-01-24,75677,40,1
441,Nissan,2022-05-25,2023-07-04,69841,35,0
442,Nissan,2017-08-29,2018-10-01,66332,31,1
443,Nissan,2020-03-21,2021-04-06,45032,21,1
444,Nissan,2021-11-23,2024-09-29,57846,43,1
445,Nissan,2018-03-12,2019-08-11,79474,54,1
446,Nissan,2018-01-20,2020-02-01,64936,49,0
447,Nissan,2017-04-13,2019-11-21,49794,49,0
448,Nissan,2019-12-29,2022-08-18,81588,54,0
449,Nissan,2022-08-06,2025-04-25,90984,38,0
450,Nissan,2020-06-05,2022-05-12,70331,27,0
451,Nissan,2017-05-03,2018-05-29,48141,45,0
452,Nissan,2015-02-20,2016-12-02,29074,59,1
453,Nissan,2016-07-28,2019-05-04,26406,26,0
454,Nissan,2023-12-06,2025-05-21,43291,49,0
455,Nissan,2018-02-22,2020-10-23,61568,26,1
456,Nissan,2021-01-06,2022-09-30,66851,22,0
457,Nissan,2021-06-19,2023-09-16,74823,20,0
458,Nissan,2022-03-02,2025-01-14,43312,55,1
459,Nissan,2021-06-10,2023-07-15,63108,44,1
460,Nissan,2019-09-12,2021-12-30,86918,56,1
461,Nissan,2016-11-12,2019-10-14,54171,20,0
462,Nissan,2017-04-17,2020-01-10,61779,34,1
463,Nissan,2017-12-13,2020-06-22,88828,56,1
464,Nissan,2023-05-09,2025-12-04,32411,32,0
465,Nissan,2021-10-27,2023-03-05,77009,59,1
466,Nissan,2022-04-14,2024-04-10,35422,27,1
467,Nissan,2023-04-29,2026-04-02,62468,24,0
468,Nissan,2021-04-30,2024-03-22,52371,28,0
469,Nissan,2023-07-22,2025-05-08,77022,20,1
470,Nissan,2019-05-15,2021-05-19,91229,55,1
471,Nissan,2023-05-10,2024-06-06,71196,54,0
472,Nissan,2015-01-05,2016-06-01,46715,21,1
473,Nissan,2018-01-31,2019-11-22,47605,59,0
474,Nissan,2018-05-04,2019-05-14,51174,42,0
475,Nissan,2017-02-12,2019-07-08,29956,28,0
476,Nissan,2017-05-26,2020-03-31,96373,53,1
477,Nissan,2017-09-18,2019-01-08,89252,33,1
478,Nissan,2023-01-10,2024-07-14,81949,23,0
479,Nissan,2015-02-16,2016-09-29,82646,49,0
480,Nissan,2022-12-24,2024-10-28,90017,50,0
481,Nissan,2022-11-10,2024-02-15,83037,57,1
482,Nissan,2023-03-03,2024-04-25,26548,30,1
483,Nissan,2022-05-27,2025-02-07,93294,54,1
484,Nissan,2015-09-26,2018-07-20,43177,27,1
485,Nissan,2016-01-05,2018-02-13,44022,22,1
486,Nissan,2016-09-27,2017-12-04,25542,33,0
487,Nissan,2018-02-03,2019-12-11,80428,32,0
488,Nissan,2019-08-21,2021-06-04,42740,51,0
489,Nissan,2019-08-10,2022-02-07,79353,53,1
490,Nissan,2016-10-18,2018-03-14,76532,38,1
491,Nissan,2015-04-30,2017-08-08,36052,57,0
492,Nissan,2017-04-10,2018-12-09,67076,35,1
493,Nissan,2019-12-16,2022-04-19,73420,21,0
494,Nissan,2017-12-17,2020-05-06,20671,59,0
495,Nissan,2020-05-28,2022-05-27,20163,36,1
496,Nissan,2018-10-01,2021-01-24,61424,53,1
497,Nissan,2017-01-10,2018-07-29,73744,35,1
498,Nissan,2015-04-27,2016-09-26,90331,57,0
499,Nissan,2020-01-28,2022-04-21,30634,21,0
500,Nissan,2022-10-09,2025-02-20,24798,21,1
501,Nissan,2018-02-24,2019-05-07,42420,45,0
502,Nissan,2020-04-15,2023-03-28,49300,32,0
503,Nissan,2017-10-09,2019-07-31,30749,50,1
504,Nissan,2019-07-23,2020-08-07,45121,53,0
505,Nissan,2017-12-17,2020-09-17,57487,58,1
506,Nissan,2016-09-25,2018-04-29,53361,22,1
507,Nissan,2016-05-27,2017-07-26,41223,27,0
508,Nissan,2022-10-20,2025-06-26,92930,42,0
509,Nissan,2018-01-24,2019-03-06,34056,33,1
510,Nissan,2018-02-15,2019-03-11,48380,46,1
511,Nissan,2016-07-13,2017-08-20,46035,48,1
512,Nissan,2016-05-02,2017-09-09,50620,58,1
513,Nissan,2017-06-15,2019-10-25,39877,58,1
514,Nissan,2018-04-27,2019-12-11,75316,20,1
515,Nissan,2016-12-04,2018-03-21,84041,36,0
516,Nissan,2019-01-10,2020-06-29,73352,49,0
517,Nissan,2016-08-03,2018-10-11,50911,32,0
518,Nissan,2022-10-08,2025-01-27,52784,40,0
519,Nissan,2022-12-18,2024-03-28,23191,38,0
520,Nissan,2021-04-13,2023-09-18,53160,38,0
521,Nissan,2023-08-14,2025-05-14,84641,44,1
522,Nissan,2015-06-03,2018-02-04,69723,41,0
523,Nissan,2019-08-07,2020-09-18,23631,50,0
524,Nissan,2017-09-23,2018-10-09,26172,36,0
525,Nissan,2023-08-24,2025-07-18,62080,42,0
526,Nissan,2022-07-07,2025-01-25,40281,51,0
527,Nissan,2018-05-28,2020-10-05,48671,29,0
528,Nissan,2017-12-28,2019-01-08,71431,29,0
529,Nissan,2023-07-16,2025-05-28,48602,55,1
530,Nissan,2017-10-05,2020-05-18,71399,27,1
531,Nissan,2020-11-11,2022-06-14,43472,39,1
532,Nissan,2019-11-09,2021-10-12,69230,51,1
533,Nissan,2017-08-15,2020-06-05,93616,33,0
534,Nissan,2023-05-18,2024-08-05,27099,47,1
535,Nissan,2016-03-28,2019-03-24,45431,43,1
536,Nissan,2018-05-12,2020-09-07,76492,34,0
537,Nissan,2023-02-07,2025-02-14,67684,41,1
538,Nissan,2021-03-15,2024-02-22,50111,49,0
539,Nissan,2021-11-26,2023-06-13,83936,23,1
540,Nissan,2021-10-15,2024-04-03,42614,32,1
541,Nissan,2021-07-16,2023-10-24,61991,42,0
542,Nissan,2016-07-04,2017-09-30,90476,27,1
543,Nissan,2019-06-24,2021-03-17,80920,37,1
544,Nissan,2018-08-05,2021-05-20,83530,31,1
545,Nissan,2019-10-24,2022-05-16,56224,50,0
546,Nissan,2015-12-23,2018-04-24,27788,33,1
547,Nissan,2020-09-01,2023-02-20,48082,53,0
548,Nissan,2019-11-21,2021-01-05,96816,37,0
549,Nissan,2022-01-13,2023-10-27,36531,53,0
550,Nissan,2019-11-17,2020-12-01,64857,30,1
551,Nissan,2023-09-07,2026-08-17,30142,31,1
552,Nissan,2022-10-20,2024-11-23,68355,34,1
553,Nissan,2023-11-26,2025-02-18,29866,50,1
554,Nissan,2022-09-10,2024-05-16,90067,48,0
555,Nissan,2021-10-25,2023-11-19,84027,45,0
556,Nissan,2019-06-20,2021-05-19,77906,37,0
557,Nissan,2022-09-17,2025-06-06,48138,51,0
558,Nissan,2017-10-12,2020-03-13,49956,41,0
559,Nissan,2018-09-10,2020-01-24,96295,57,0
560,Nissan,2016-05-30,2019-04-17,25439,36,0
561,Nissan,2023-06-15,2025-10-24,67241,42,0
562,Nissan,2022-10-10,2025-10-05,62533,43,0
563,Nissan,2015-12-02,2018-03-22,48270,27,0
564,Nissan,2019-11-18,2022-07-03,98815,25,1
565,Nissan,2021-04-24,2022-12-02,59279,24,1
566,Nissan,2016-05-11,2018-05-17,43888,48,1
567,Nissan,2017-06-14,2019-07-20,37630,47,0
568,Nissan,2021-01-16,2023-04-03,81063,30,0
569,Nissan,2017-05-01,2019-09-02,55144,20,1
570,Nissan,2019-08-15,2022-04-20,72161,38,0
571,Nissan,2020-04-15,2022-01-12,97360,28,0
572,Nissan,2022-06-30,2024-12-06,70979,46,0
573,Nissan,2021-08-24,2023-01-29,26979,53,0
574,Nissan,2019-04-18,2020-09-15,46189,23,0
575,Nissan,2017-08-14,2020-04-24,62600,55,0
576,Nissan,2022-07-01,2024-01-04,79560,37,1
577,Nissan,2019-06-25,2020-09-29,98040,34,0
578,Nissan,2018-07-15,2019-11-22,81558,32,0
579,Nissan,2018-12-11,2020-05-29,26910,38,1
580,Nissan,2018-04-06,2019-10-05,77713,25,0
581,Nissan,2017-12-02,2019-11-30,66857,31,0
582,Nissan,2015-10-12,2016-11-18,54964,56,1
583,Nissan,2021-09-10,2024-02-18,45227,36,0
584,Nissan,2015-01-12,2017-05-22,25978,42,0
585,Nissan,2019-06-19,2021-11-15,37153,45,0
586,Nissan,2021-12-21,2023-12-04,79765,48,0
587,Nissan,2017-01-23,2019-02-23,59071,52,0
588,Nissan,2020-09-13,2023-09-04,89519,46,1
589,Nissan,2022-08-06,2024-01-13,29503,44,0
590,Nissan,2022-12-06,2023-12-21,80703,29,0
591,Nissan,2015-03-31,2017-08-04,84379,42,0
592,Nissan,2017-02-14,2019-04-15,77866,40,0
593,Nissan,2022-04-06,2023-07-22,36905,40,1
594,Nissan,2023-04-06,2025-06-28,65838,32,0
595,Nissan,2019-06-14,2021-04-19,78279,56,0
596,Nissan,2023-05-28,2024-11-12,46806,52,0
597,Nissan,2016-02-22,2018-08-20,65000,43,0
598,Nissan,2015-04-25,2017-06-11,42168,30,0
599,Nissan,2016-09-08,2018-05-16,90119,36,1
600,Nissan,2023-12-12,2025-04-30,58714,23,0
601,Nissan,2017-04-05,2019-01-03,74093,44,0
602,Nissan,2019-07-08,2021-08-26,75419,49,0
603,Nissan,2019-02-25,2021-10-24,69145,28,1
604,Nissan,2023-08-13,2024-09-19,97425,40,0
605,Nissan,2016-02-17,2017-03-16,97811,39,1
606,Nissan,2016-12-29,2019-04-19,22461,38,1
607,Nissan,2023-05-27,2025-04-08,34291,38,1
608,Nissan,2022-09-09,2024-05-10,66804,31,0
609,Nissan,2016-11-06,2019-10-03,96971,56,0
610,Nissan,2020-03-07,2021-12-03,84946,36,1
611,Nissan,2021-11-09,2024-01-22,81332,56,1
612,Nissan,2023-02-15,2024-10-10,97794,58,1
613,Nissan,2021-02-17,2023-02-28,50841,47,0
614,Nissan,2022-08-18,2024-05-09,68758,54,0
615,Nissan,2018-01-27,2020-01-20,96272,37,0
616,Nissan,2019-04-21,2021-03-25,57643,33,1
617,Nissan,2017-09-04,2019-09-27,70408,54,0
618,Nissan,2017-10-05,2020-05-03,63950,26,0
619,Nissan,2020-11-13,2023-10-02,76849,32,1
620,Nissan,2019-08-15,2020-08-16,48044,37,0
621,Nissan,2022-06-03,2024-08-04,35997,56,1
622,Nissan,2023-12-06,2025-04-25,99751,32,0
623,Nissan,2015-02-06,2017-02-15,43911,55,0
624,Nissan,2019-03-29,2022-01-26,75533,50,0
625,Nissan,2021-05-15,2023-04-03,34571,21,1
626,Nissan,2021-03-14,2022-08-06,77941,35,0
627,Nissan,2022-12-24,2024-10-11,78005,28,0
628,Nissan,2017-05-22,2020-03-16,78712,28,1
629,Nissan,2019-12-27,2022-03-02,63541,57,0
630,Nissan,2018-07-20,2021-06-23,43387,30,0
631,Nissan,2020-10-10,2023-05-17,68908,41,0
632,Nissan,2016-08-18,2018-09-20,33057,52,0
633,Nissan,2020-03-18,2022-02-24,84028,55,1
634,Nissan,2016-12-29,2018-05-17,75731,42,0
635,Nissan,2018-09-27,2020-03-31,44858,53,0
636,Nissan,2016-02-01,2017-04-01,68689,28,0
637,Nissan,2016-11-29,2018-12-13,64638,43,1
638,Nissan,2023-06-18,2026-05-27,66486,27,0
639,Nissan,2021-02-02,2023-04-17,40567,26,0
640,Nissan,2019-06-24,2021-05-07,49739,55,0
641,Nissan,2016-01-31,2017-11-27,77804,37,0
642,Nissan,2021-10-28,2023-10-06,23754,22,0
643,Nissan,2015-03-17,2016-03-26,47044,47,0
644,Nissan,2015-09-22,2016-11-21,87260,25,1
645,Nissan,2021-11-07,2023-06-20,86912,40,0
646,Nissan,2019-12-25,2021-05-25,28706,47,1
647,Nissan,2016-12-18,2019-11-28,28894,59,1
648,Nissan,2022-08-14,2025-02-27,38037,20,0
649,Nissan,2017-04-30,2019-11-21,71612,55,0
650,Nissan,2018-10-22,2021-05-27,49725,40,0
651,Nissan,2015-05-24,2018-03-13,25926,54,1
652,Nissan,2017-06-03,2019-12-29,29496,32,0
653,Nissan,2023-08-07,2025-06-11,76447,29,0
654,Nissan,2023-09-06,2025-05-05,49806,29,0
655,Nissan,2016-01-31,2018-06-06,61321,32,1
656,Nissan,2023-06-24,2025-06-23,85095,56,1
657,Nissan,2023-03-15,2025-02-06,42656,57,0
658,Nissan,2023-01-17,2024-05-02,75147,43,1
659,Nissan,2019-02-01,2020-09-13,69666,21,0
660,Nissan,2023-10-28,2025-06-01,58787,41,0
661,Nissan,2018-03-13,2020-07-30,82946,36,1
662,Nissan,2022-03-01,2023-11-14,41727,55,0
663,Nissan,2017-11-28,2020-04-27,88056,33,0
664,Nissan,2020-11-26,2022-01-18,23081,29,0
665,Nissan,2017-12-01,2019-01-16,54196,54,1
666,Nissan,2018-04-24,2021-04-19,56735,44,1
667,Nissan,2023-03-02,2026-01-18,99578,22,1
668,Nissan,2021-09-11,2024-02-13,45498,57,1
669,Nissan,2016-09-25,2018-01-01,96865,36,0
670,Nissan,2018-03-02,2019-03-21,51656,31,0
671,Nissan,2023-11-09,2026-06-03,87695,43,0
672,Nissan,2018-05-23,2020-09-23,57900,48,0
673,Nissan,2017-01-02,2019-02-24,67701,44,0
674,Nissan,2015-08-23,2018-07-12,39033,55,1
675,Nissan,2022-05-29,2023-07-29,30805,45,0
676,Nissan,2017-01-20,2018-06-13,55851,57,0
677,Nissan,2022-03-20,2023-10-21,46832,20,0
678,Nissan,2023-06-08,2024-06-09,83437,39,0
679,Nissan,2023-08-12,2025-01-17,33944,47,1
680,Nissan,2017-08-11,2018-12-08,39873,35,0
681,Nissan,2021-12-14,2023-03-12,60372,36,0
682,Nissan,2023-02-08,2025-01-01,35379,59,1
683,Nissan,2019-03-23,2021-10-22,56751,47,0
684,Nissan,2018-04-12,2020-04-02,25110,31,0
685,Nissan,2019-08-04,2022-04-04,74341,46,0
686,Nissan,2018-04-06,2019-12-28,32087,49,0
687,Nissan,2021-01-26,2023-10-04,43762,53,1
688,Nissan,2018-11-17,2020-10-04,29596,56,1
689,Nissan,2023-03-13,2025-12-06,38313,25,0
690,Nissan,2022-10-13,2025-04-05,86549,26,1
691,Nissan,2022-05-05,2025-02-11,43705,51,0
692,Nissan,2018-05-02,2019-11-12,87364,51,0
693,Nissan,2019-03-21,2021-02-14,93445,44,0
694,Nissan,2020-09-07,2022-02-23,98645,52,0
695,Nissan,2023-11-11,2026-04-14,22023,26,0
696,Nissan,2018-12-16,2021-03-22,79796,31,1
697,Nissan,2021-07-14,2022-08-22,84429,35,1
698,Nissan,2019-02-28,2021-08-17,81627,35,0
699,Nissan,2018-10-20,2020-07-06,53848,55,0
700,Nissan,2020-01-31,2022-02-28,57804,32,0
701,Nissan,2018-09-27,2020-05-09,35379,26,0
702,Nissan,2016-05-14,2017-09-14,79664,55,0
703,Nissan,2019-08-08,2020-09-13,47766,28,0
704,Nissan,2016-05-25,2018-04-17,88099,51,1
705,Nissan,2015-08-05,2017-04-11,56060,30,0
706,Nissan,2018-08-17,2020-02-08,89122,27,0
707,Nissan,2018-03-01,2020-10-22,36087,52,0
708,Nissan,2020-01-02,2022-03-30,68868,42,0
709,Nissan,2023-08-08,2024-09-12,43225,44,0
710,Nissan,2019-12-16,2021-10-26,26643,27,1
711,Nissan,2021-10-28,2024-09-14,56727,41,0
712,Nissan,2023-01-02,2025-08-16,31005,23,1
713,Nissan,2018-04-20,2019-08-11,85697,59,0
714,Nissan,2021-01-23,2022-03-03,36029,22,0
715,Nissan,2015-04-01,2017-01-25,34226,48,0
716,Nissan,2016-12-14,2018-07-25,83646,48,1
717,Nissan,2020-02-25,2022-01-07,80603,53,0
718,Nissan,2015-02-08,2017-01-21,48731,53,1
719,Nissan,2023-10-03,2025-01-24,88926,47,0
720,Nissan,2015-06-22,2018-05-19,25997,32,1
721,Nissan,2016-10-14,2018-09-01,75506,34,0
722,Nissan,2017-01-23,2019-08-13,98229,42,1
723,Nissan,2018-05-28,2019-07-06,69815,45,0
724,Nissan,2017-12-17,2019-01-25,62092,23,1
725,Nissan,2019-08-11,2021-05-25,82539,45,0
726,Nissan,2021-11-28,2023-08-16,86077,59,0
727,Nissan,2016-03-31,2017-11-01,41817,28,0
728,Nissan,2017-04-08,2018-09-01,57861,24,1
729,Nissan,2017-06-13,2019-05-14,33428,51,0
730,Nissan,2018-10-16,2020-03-31,63934,39,1
731,Nissan,2020-05-12,2021-08-11,30258,30,0
732,Nissan,2023-05-31,2025-05-17,77775,34,0
733,Nissan,2021-08-31,2024-03-23,25469,51,0
734,Nissan,2020-06-19,2023-01-10,48854,47,1
735,Nissan,2021-07-23,2024-06-02,26256,41,1
736,Nissan,2015-07-09,2017-07-05,96256,36,1
737,Nissan,2016-05-19,2018-11-26,53937,45,0
738,Nissan,2018-04-29,2020-04-07,21651,26,1
739,Nissan,2019-03-12,2022-02-01,70288,45,1
740,Nissan,2017-04-03,2018-09-19,45051,44,0
741,Nissan,2017-07-17,2019-07-07,47386,29,1
742,Nissan,2017-07-22,2019-01-28,95054,38,1
743,Nissan,2018-02-14,2020-12-11,36184,30,1
744,Nissan,2015-05-14,2017-07-08,53787,32,1
745,Nissan,2020-10-06,2023-09-05,41621,27,0
746,Nissan,2016-11-15,2017-11-21,95564,59,0
747,Nissan,2022-06-12,2023-10-22,97984,23,1
748,Nissan,2021-01-29,2023-08-08,79792,50,0
749,Nissan,2020-01-27,2021-02-25,65253,47,1
750,Nissan,2017-03-25,2019-09-10,54051,30,1
751,Nissan,2018-03-18,2020-05-16,69811,20,1
752,Nissan,2015-03-21,2017-04-17,50447,57,1
753,Nissan,2023-01-12,2025-11-13,50254,43,0
754,Nissan,2023-12-29,2025-12-25,77418,50,0
755,Nissan,2015-07-22,2017-09-30,34472,45,0
756,Nissan,2022-09-12,2025-07-12,23471,24,0
757,Nissan,2018-06-06,2020-12-07,28329,39,0
758,Nissan,2019-08-27,2020-11-15,54865,30,0
759,Nissan,2018-06-04,2020-05-24,66850,52,1
760,Nissan,2019-08-10,2021-04-23,74220,57,1
761,Nissan,2019-04-05,2022-03-22,26397,46,0
762,Nissan,2020-09-25,2023-05-06,55525,53,0
763,Nissan,2018-06-10,2020-11-14,73072,34,1
764,Nissan,2019-03-30,2021-01-17,43284,51,0
765,Nissan,2018-03-12,2019-10-21,81330,40,0
766,Nissan,2018-10-28,2021-04-04,45122,24,0
767,Nissan,2022-05-27,2023-07-11,90553,25,0
768,Nissan,2016-04-15,2019-02-10,82812,57,0
769,Nissan,2023-04-07,2024-07-27,27999,41,1
770,Nissan,2017-11-01,2019-06-21,42436,37,0
771,Nissan,2018-09-15,2019-10-01,62963,33,0
772,Nissan,2022-08-15,2024-08-08,22096,29,0
773,Nissan,2022-10-02,2024-05-11,45279,32,0
774,Nissan,2017-08-25,2020-07-24,46201,50,1
775,Nissan,2015-12-24,2018-03-15,39715,49,1
776,Nissan,2023-04-08,2025-04-06,49309,22,1
777,Nissan,2016-10-29,2019-09-03,35078,49,0
778,Nissan,2016-01-08,2017-11-28,76614,25,1
779,Nissan,2017-10-28,2020-02-06,25105,48,1
780,Nissan,2018-02-19,2020-04-07,22839,27,1
781,Nissan,2018-10-03,2020-12-30,88920,52,0
782,Nissan,2022-06-16,2025-01-21,63619,36,0
783,Nissan,2015-03-31,2016-11-17,62821,30,0
784,Nissan,2022-07-08,2024-02-16,33493,32,1
785,Nissan,2023-11-24,2026-01-08,37069,30,0
786,Nissan,2016-06-23,2019-01-15,27531,50,0
787,Nissan,2022-08-11,2024-07-10,57051,47,1
788,Nissan,2017-05-18,2018-12-25,27736,25,1
789,Nissan,2015-02-10,2016-03-17,27710,35,1
790,Nissan,2017-01-09,2018-10-13,87155,23,0
791,Nissan,2020-04-30,2021-11-11,33975,54,1
792,Nissan,2021-12-24,2024-04-20,82424,45,0
793,Nissan,2023-03-26,2024-11-21,65603,31,0
794,Nissan,2023-10-22,2025-09-09,43252,30,0
795,Nissan,2018-05-09,2019-11-16,21431,56,0
796,Nissan,2017-07-17,2018-08-02,94603,44,0
797,Nissan,2020-07-29,2023-01-03,57481,37,1
798,Nissan,2021-11-13,2023-12-18,29557,38,0
799,Nissan,2022-08-11,2025-07-15,94971,42,1
800,Nissan,2022-08-31,2023-09-21,20162,57,0
801,Nissan,2017-07-13,2019-10-29,54742,37,0
802,Nissan,2023-02-04,2024-06-02,39675,45,0
803,Nissan,2019-05-01,2020-11-25,93997,25,0
804,Nissan,2016-01-25,2017-11-25,37015,23,0
805,Nissan,2019-06-06,2021-03-01,70057,48,0
806,Nissan,2023-01-09,2025-12-12,52591,53,0
807,Nissan,2015-09-13,2018-07-30,29833,36,0
808,Nissan,2016-12-09,2018-09-19,27896,35,0
809,Nissan,2020-01-13,2022-12-28,52972,21,1
810,Nissan,2020-04-28,2023-03-04,69733,53,0
811,Nissan,2021-11-02,2023-06-16,61800,27,1
812,Nissan,2015-01-10,2017-01-24,25347,32,1
813,Nissan,2022-11-11,2025-02-12,79063,27,1
814,Nissan,2017-03-08,2018-03-14,22643,49,1
815,Nissan,2017-05-26,2018-06-23,60785,51,0
816,Nissan,2017-10-25,2018-11-26,38681,55,1
817,Nissan,2023-09-26,2026-07-02,70026,49,1
818,Nissan,2017-10-12,2018-12-29,35892,20,0
819,Nissan,2019-12-30,2022-04-01,67299,58,0
820,Nissan,2016-01-09,2018-07-31,37073,36,0
821,Nissan,2023-08-03,2026-01-21,50682,39,1
822,Nissan,2021-01-02,2023-04-28,34289,43,1
823,Nissan,2015-08-12,2017-10-14,27927,41,0
824,Nissan,2018-06-16,2020-03-26,68330,48,0
825,Nissan,2021-02-02,2023-07-02,86707,41,0
826,Nissan,2019-12-08,2021-03-15,97454,28,0
827,Nissan,2017-05-02,2019-06-02,85428,56,1
828,Nissan,2015-03-04,2017-07-04,70601,29,0
829,Nissan,2018-05-25,2019-07-02,97465,55,0
830,Nissan,2022-11-14,2024-08-10,22539,56,0
831,Nissan,2022-10-13,2024-03-17,42669,47,1
832,Nissan,2016-11-19,2018-02-01,90968,47,0
833,Nissan,2019-01-24,2020-06-01,40644,40,1
834,Nissan,2019-06-22,2022-05-08,38745,43,0
835,Nissan,2020-11-22,2022-02-13,48228,59,0
836,Nissan,2023-09-06,2024-09-26,54521,21,0
837,Nissan,2016-05-25,2018-08-26,46928,27,0
838,Nissan,2016-01-20,2018-07-11,38322,46,0
839,Nissan,2016-02-09,2019-01-15,77714,41,1
840,Nissan,2022-11-10,2024-11-25,82292,56,1
841,Nissan,2016-06-01,2018-08-14,49055,46,1
842,Nissan,2016-04-20,2018-12-14,62891,48,0
843,Nissan,2020-06-23,2021-07-13,26588,22,1
844,Nissan,2022-07-19,2024-05-16,26304,32,0
845,Nissan,2019-07-27,2020-10-17,27345,29,0
846,Nissan,2020-03-08,2022-12-26,49300,55,0
847,Nissan,2022-09-19,2024-12-14,44259,28,0
848,Nissan,2018-12-31,2021-01-20,35352,46,1
849,Nissan,2023-06-22,2025-11-09,53365,53,0
850,Nissan,2023-05-03,2025-01-13,39446,20,0
851,Nissan,2022-06-17,2025-01-06,22336,51,1
852,Nissan,2016-12-14,2019-05-24,82032,44,0
853,Nissan,2015-03-24,2016-08-31,95415,48,0
854,Nissan,2018-03-14,2019-08-23,27521,26,0
855,Nissan,2023-08-23,2026-01-27,91707,22,1
856,Nissan,2023-08-16,2025-05-12,43481,39,1
857,Nissan,2021-11-09,2024-03-14,38474,39,0
858,Nissan,2020-03-16,2021-10-09,66760,49,0
859,Nissan,2020-08-10,2023-01-30,75718,54,0
860,Nissan,2015-02-20,2017-09-25,64629,54,1
861,Nissan,2016-11-15,2018-01-13,65232,58,0
862,Nissan,2016-12-17,2019-02-19,87169,46,0
863,Nissan,2019-01-09,2021-10-26,70669,45,0
864,Nissan,2016-03-24,2018-11-18,98021,33,0
865,Nissan,2017-05-30,2019-04-03,89184,36,0
866,Nissan,2016-05-02,2018-10-03,67945,37,1
867,Nissan,2019-12-29,2022-08-10,33140,48,0
868,Nissan,2020-09-12,2021-10-08,34357,39,0
869,Nissan,2020-11-12,2023-09-28,88673,46,1
870,Nissan,2023-08-10,2026-02-21,85633,37,1
871,Nissan,2019-04-24,2020-11-07,96943,23,0
872,Nissan,2021-01-10,2023-01-31,98258,20,0
873,Nissan,2015-09-07,2017-08-20,32924,20,0
874,Nissan,2016-11-04,2019-09-27,89286,45,1
875,Nissan,2016-03-13,2018-08-30,94071,39,0
876,Nissan,2020-12-05,2022-12-17,77326,42,1
877,Nissan,2017-02-09,2019-08-20,50651,29,1
878,Nissan,2015-09-25,2018-03-04,90202,30,0
879,Nissan,2020-06-07,2021-11-06,68777,24,0
880,Nissan,2017-12-13,2019-07-06,36994,20,0
881,Nissan,2015-08-24,2017-11-20,87263,36,0
882,Nissan,2016-01-24,2017-10-22,79634,41,0
883,Nissan,2023-04-26,2024-12-16,30800,53,1
884,Nissan,2017-02-01,2019-07-06,57823,48,1
885,Nissan,2020-01-23,2022-11-30,83878,23,0
886,Nissan,2021-09-14,2024-09-08,38708,24,1
887,Nissan,2016-09-15,2019-01-28,32819,30,0
888,Nissan,2022-09-15,2024-01-09,94905,40,0
889,Nissan,2023-02-14,2025-03-05,83870,54,0
890,Nissan,2023-12-23,2025-11-30,29283,31,1
891,Nissan,2018-06-06,2021-01-09,50573,45,1
892,Nissan,2022-12-10,2025-01-07,98707,38,1
893,Nissan,2016-07-31,2017-10-02,50933,26,0
894,Nissan,2020-10-23,2023-10-09,25774,26,0
895,Nissan,2016-03-10,2019-02-28,92055,45,0
896,Nissan,2020-11-20,2022-01-30,30983,59,0
897,Nissan,2017-02-02,2018-11-02,38133,24,1
898,Nissan,2022-08-17,2024-07-01,34939,40,1
899,Nissan,2022-10-24,2024-09-25,20781,33,1
900,Nissan,2018-08-22,2020-08-21,76700,23,0
901,Nissan,2020-11-15,2023-03-24,47624,42,0
902,Nissan,2022-10-16,2025-06-13,26823,39,0
903,Nissan,2018-09-20,2020-03-03,38489,34,0
904,Nissan,2022-12-16,2025-06-11,59961,48,0
905,Nissan,2021-10-18,2022-10-28,49118,27,1
906,Nissan,2016-03-22,2018-01-16,42263,38,1
907,Nissan,2020-07-10,2023-07-08,33565,58,0
908,Nissan,2018-08-24,2019-12-03,40354,47,0
909,Nissan,2015-09-06,2017-11-03,62951,46,0
910,Nissan,2015-06-15,2017-07-10,43648,23,0
911,Nissan,2023-04-20,2024-11-18,70729,34,1
912,Nissan,2018-09-20,2021-08-10,61971,54,0
913,Nissan,2017-10-16,2019-01-11,38658,56,0
914,Nissan,2016-06-25,2018-12-29,41253,20,0
915,Nissan,2017-01-28,2019-03-04,84166,22,1
916,Nissan,2023-09-13,2026-04-22,68563,43,0
917,Nissan,2020-10-29,2021-12-13,46390,46,0
918,Nissan,2020-12-20,2023-10-22,71578,59,0
919,Nissan,2017-03-07,2019-06-12,99025,55,1
920,Nissan,2023-01-26,2025-09-08,52658,53,1
921,Nissan,2015-05-18,2017-03-22,26852,48,0
922,Nissan,2021-02-09,2022-05-05,22551,43,1
923,Nissan,2018-09-15,2019-12-15,91947,43,1
924,Nissan,2022-10-03,2025-07-23,81001,23,1
925,Nissan,2020-02-19,2022-12-22,69159,22,1
926,Nissan,2023-04-20,2026-04-02,71707,53,1
927,Nissan,2015-03-10,2016-11-05,53243,42,0
928,Nissan,2022-02-06,2023-02-07,41800,42,1
929,Nissan,2020-10-01,2022-05-13,95939,24,0
930,Nissan,2019-01-13,2021-08-23,77828,50,1
931,Nissan,2015-07-24,2016-11-15,27239,25,0
932,Nissan,2020-12-13,2023-10-09,26710,56,1
933,Nissan,2015-02-12,2016-05-24,41384,29,1
934,Nissan,2020-03-21,2021-09-30,41038,59,0
935,Nissan,2020-11-28,2022-05-12,60846,26,1
936,Nissan,2017-01-30,2018-04-29,87821,58,0
937,Nissan,2023-11-29,2026-10-14,57991,57,1
938,Nissan,2022-12-05,2024-04-04,99057,40,0
939,Nissan,2020-11-12,2022-04-03,26971,39,0
940,Nissan,2020-06-17,2021-09-30,49139,22,1
941,Nissan,2020-04-19,2022-06-20,97067,41,0
942,Nissan,2017-06-18,2019-04-18,57711,23,1
943,Nissan,2015-12-26,2017-11-06,26530,47,0
944,Nissan,2023-01-26,2025-10-21,31116,31,0
945,Nissan,2019-09-16,2020-09-23,85794,57,0
946,Nissan,2015-10-08,2016-12-18,20282,55,0
947,Nissan,2023-12-11,2025-12-03,99473,24,0
948,Nissan,2020-03-02,2021-10-10,21898,32,0
949,Nissan,2023-12-11,2026-01-29,24135,42,0
950,Nissan,2016-10-28,2019-05-03,26629,49,0
951,Nissan,2015-04-03,2017-04-06,85031,56,1
952,Nissan,2016-11-02,2019-10-18,53380,44,1
953,Nissan,2020-05-23,2022-02-10,37071,46,0
954,Nissan,2015-03-02,2018-01-19,40074,33,1
955,Nissan,2022-05-05,2024-03-17,87843,55,0
956,Nissan,2023-07-20,2024-10-10,59901,58,1
957,Nissan,2017-10-25,2019-09-07,31205,35,1
958,Nissan,2019-01-29,2020-05-18,75661,41,1
959,Nissan,2016-08-26,2018-05-03,25906,40,0
960,Nissan,2016-11-12,2018-11-29,22591,40,1
961,Nissan,2022-01-25,2023-01-31,82987,27,0
962,Nissan,2018-11-29,2021-03-01,83370,35,1
963,Nissan,2022-11-25,2024-02-16,74400,50,0
964,Nissan,2022-05-16,2023-12-09,45150,29,1
965,Nissan,2021-03-30,2023-04-23,51852,51,1
966,Nissan,2016-06-07,2018-04-16,62870,53,1
967,Nissan,2021-07-21,2022-08-11,72756,28,0
968,Nissan,2023-07-15,2025-08-27,76481,36,1
969,Nissan,2022-02-06,2024-07-04,21283,30,0
970,Nissan,2020-05-22,2021-09-25,53691,51,1
971,Nissan,2018-01-06,2020-12-05,21125,29,0
972,Nissan,2019-10-20,2020-11-01,87065,41,0
973,Nissan,2020-01-11,2021-01-21,46170,36,0
974,Nissan,2023-08-11,2024-11-04,28438,23,0
975,Nissan,2022-10-12,2025-03-18,40095,44,0
976,Nissan,2021-04-15,2023-10-03,36154,40,0
977,Nissan,2020-09-25,2022-07-22,28004,56,0
978,Nissan,2018-02-18,2019-10-18,29752,57,1
979,Nissan,2021-03-11,2022-07-10,75426,20,1
980,Nissan,2021-04-05,2022-08-29,46819,44,0
981,Nissan,2017-12-15,2020-07-03,44217,55,0
982,Nissan,2021-07-25,2023-07-15,52994,36,0
983,Nissan,2015-04-17,2018-03-01,35036,43,0
984,Nissan,2022-11-18,2025-08-09,97275,21,1
985,Nissan,2015-02-17,2016-12-21,69416,59,1
986,Nissan,2015-12-03,2018-10-27,29587,34,0
987,Nissan,2017-11-15,2019-08-29,20645,51,0
988,Nissan,2022-10-22,2024-08-23,50930,58,0
989,Nissan,2018-07-04,2021-02-16,50090,25,1
990,Nissan,2020-08-17,2023-08-09,72142,20,1
991,Nissan,2016-09-16,2019-07-09,46475,42,0
992,Nissan,2020-03-05,2022-09-04,38888,58,0
993,Nissan,2018-06-30,2020-06-15,63732,36,1
994,Nissan,2019-09-12,2021-07-19,66305,53,1
995,Nissan,2022-07-29,2023-09-25,66037,48,0
996,Nissan,2015-10-30,2018-08-02,29346,28,0
997,Nissan,2016-09-30,2019-09-13,20587,32,0
998,Nissan,2015-02-25,2016-03-30,32763,25,0
999,Nissan,2016-12-26,2019-03-15,79165,25,0
1000,Nissan,2016-06-09,2017-09-09,89615,39,0
